N,d0,d1,n,seed,nsol,dimV2,dimV3,dimV3_low,dimV4,dimV4_low,std3,std4,D_solve,time
16,8,8,8,8608,270,23,248,24,2247,427,4065,270,4,0
16,8,8,9,8609,145,24,294,27,2372,552,2161,145,4,1
16,8,8,10,8610,71,25,340,30,2446,626,1185,71,4,1
16,8,8,11,8611,25,26,386,33,2492,672,697,25,4,1
16,8,8,12,8612,12,27,432,36,2505,685,437,12,4,1
16,8,8,13,8613,12,28,478,39,2505,685,275,12,4,1
16,8,8,14,8614,5,29,524,42,2512,692,187,5,4,1
16,8,8,15,8615,3,30,570,45,2514,694,127,3,4,1
16,8,8,16,8616,2,31,695,135,,,2,,3,0
18,9,9,9,8809,544,26,315,27,3483,513,14529,565,,1
18,9,9,10,8810,291,27,367,30,3757,697,8769,291,4,1
18,9,9,11,8811,141,28,419,33,3907,847,4193,141,4,2
18,9,9,12,8812,68,29,471,36,3980,920,2529,68,4,2
18,9,9,13,8813,25,30,523,39,4023,963,1569,25,4,2
18,9,9,14,8814,15,31,575,42,4033,973,985,15,4,2
18,9,9,15,8815,10,32,627,45,4038,978,641,10,4,2
18,9,9,16,8816,6,33,679,48,4042,982,449,6,4,2
18,9,9,17,8817,4,34,731,51,4044,984,307,4,4,2
18,9,9,18,8818,2,35,783,54,4046,986,209,2,4,2
20,10,10,10,9010,1012,29,390,30,4995,630,54913,1282,,2
20,10,10,11,9011,510,30,448,33,5445,693,32577,751,,2
20,10,10,12,9012,274,31,506,36,5922,1077,15873,274,4,4
20,10,10,13,9013,124,32,564,39,6072,1227,10369,124,4,4
20,10,10,14,9014,62,33,622,42,6134,1289,5473,62,4,5
20,10,10,15,9015,30,34,680,45,6166,1321,3777,30,4,5
20,10,10,16,9016,18,35,738,48,6178,1333,2321,18,4,5
20,10,10,17,9017,7,36,796,51,6189,1344,1593,7,4,5
20,10,10,18,9018,6,37,854,54,6190,1345,1105,6,4,5
20,10,10,19,9019,3,38,912,57,6193,1348,753,3,4,5
20,10,10,20,9020,2,39,970,60,6194,1349,545,2,4,5
22,11,11,11,9211,2024,32,473,33,6864,759,210689,3004,,5
22,11,11,12,9212,1002,33,537,36,7434,828,129281,1810,,5
22,11,11,13,9213,485,34,601,39,7995,897,64641,1114,,6
22,11,11,14,9214,268,35,665,42,8841,1526,39425,268,4,12
22,11,11,15,9215,132,36,729,45,8977,1662,23105,132,4,13
22,11,11,16,9216,55,37,793,48,9054,1739,14209,55,4,12
22,11,11,17,9217,37,38,857,51,9072,1757,9025,37,4,13
22,11,11,18,9218,9,39,921,54,9100,1785,5889,9,4,13
22,11,11,19,9219,13,40,985,57,9096,1781,4033,13,4,12
22,11,11,20,9220,4,41,1049,60,9105,1790,2753,4,4,13
22,11,11,21,9221,7,42,1113,63,9102,1787,1937,7,4,12
22,11,11,22,9222,2,43,1177,66,9107,1792,1417,2,4,13
24,12,12,12,9412,4148,35,564,36,9126,900,815617,7272,,9
24,12,12,13,9413,2042,36,634,39,9828,975,521217,4456,,11
24,12,12,14,9414,989,37,704,42,10521,1050,290305,2780,,12
24,12,12,15,9415,518,38,774,45,11205,1125,152833,1746,,16
24,12,12,16,9416,246,39,844,48,12705,2079,109569,246,4,28
24,12,12,17,9417,142,40,914,51,12809,2183,53633,142,4,30
24,12,12,18,9418,60,41,984,54,12891,2265,38657,60,4,30
24,12,12,19,9419,45,42,1054,57,12906,2280,22273,45,4,30
24,12,12,20,9420,14,43,1124,60,12937,2311,15745,14,4,31
24,12,12,21,9421,5,44,1194,63,12946,2320,10817,5,4,31
24,12,12,22,9422,3,45,1264,66,12948,2322,7201,3,4,30
24,12,12,23,9423,3,46,1334,69,12948,2322,5185,3,4,31
24,12,12,24,9424,2,47,1404,72,12949,2323,3649,2,4,30
