exp,n,N,seed,mode,nsol,FFD,LFD,D_solve,dimV2,dimV3,dimV4,time,a6,poly,extra
A,16,16,100,step2,2,2,3,3,31,695,,0.1,0xeb47,0x1002b,
A,16,16,101,step2,2,2,3,3,31,695,,0.1,0xb7a4,0x1002b,
A,16,16,102,step2,4,2,3,3,31,693,,0.1,0xb76b,0x1002b,
A,16,16,103,step2,2,2,3,3,31,695,,0.1,0x6e07,0x1002b,
A,16,16,104,step2,8,2,3,3,31,689,,0.1,0x654f,0x1002b,
A,16,16,105,step2,4,2,3,3,31,693,,0.1,0x3783,0x1002b,
A,16,16,106,step2,6,2,3,3,31,691,,0.1,0x895,0x1002b,
A,16,16,107,step2,2,2,3,3,31,695,,0.1,0xd9be,0x1002b,
A,16,16,108,step2,2,2,3,3,31,695,,0.1,0x2b7e,0x1002b,
A,16,16,109,step2,2,2,3,3,31,695,,0.1,0x7541,0x1002b,
B,12,12,12000,consistent,2,2,3,3,23,297,,0.0,0x60f,0x1009,
B,12,12,12001,consistent,2,2,3,3,23,297,,0.0,0xd59,0x1009,
B,12,12,12002,consistent,2,2,3,3,23,297,,0.0,0x7b6,0x1009,
B,12,12,12003,consistent,4,2,3,3,23,295,,0.0,0x7fe,0x1009,
B,12,12,12004,consistent,4,2,3,3,23,295,,0.0,0x54d,0x1009,
B,12,12,12005,consistent,2,2,3,3,23,297,,0.0,0x4b9,0x1009,
B,12,12,12006,consistent,2,2,3,3,23,297,,0.0,0xcfe,0x1009,
B,12,12,12007,consistent,4,2,3,3,23,295,,0.0,0xf70,0x1009,
B,12,12,12008,consistent,8,2,3,3,23,291,,0.0,0x2b5,0x1009,
B,12,12,12009,consistent,4,2,3,3,23,295,,0.0,0x29f,0x1009,
B,12,12,12010,consistent,2,2,3,3,23,297,,0.0,0x9dd,0x1009,
B,12,12,12011,consistent,2,2,3,3,23,297,,0.0,0x701,0x1009,
B,12,12,12012,consistent,4,2,3,3,23,295,,0.0,0x71e,0x1009,
B,12,12,12013,consistent,2,2,3,3,23,297,,0.0,0x802,0x1009,
B,12,12,12014,consistent,2,2,3,3,23,297,,0.0,0xb6f,0x1009,
B,12,12,12015,consistent,4,2,3,3,23,295,,0.0,0x5fd,0x1009,
B,12,12,12016,consistent,6,2,3,3,23,293,,0.0,0xeab,0x1009,
B,12,12,12017,consistent,4,2,3,3,23,295,,0.0,0xa7d,0x1009,
B,12,12,12018,consistent,2,2,3,3,23,297,,0.0,0xd73,0x1009,
B,12,12,12019,consistent,4,2,3,3,23,295,,0.0,0x486,0x1009,
B,12,12,12020,consistent,2,2,3,3,23,297,,0.0,0x4dd,0x1009,
B,12,12,12021,consistent,2,2,3,3,23,297,,0.0,0x87b,0x1009,
B,12,12,12022,consistent,6,2,3,3,23,293,,0.0,0x1a0,0x1009,
B,12,12,12023,consistent,2,2,3,3,23,297,,0.0,0xd4a,0x1009,
B,12,12,12024,consistent,2,2,3,3,23,297,,0.0,0x358,0x1009,
B,12,12,12025,consistent,2,2,3,3,23,297,,0.0,0xdd2,0x1009,
B,12,12,12026,consistent,4,2,3,3,23,295,,0.0,0x782,0x1009,
B,12,12,12027,consistent,4,2,3,3,23,295,,0.0,0xa40,0x1009,
B,12,12,12028,consistent,4,2,3,3,23,295,,0.0,0x31a,0x1009,
B,12,12,12029,consistent,4,2,3,3,23,295,,0.0,0xe35,0x1009,
B,14,14,14000,consistent,2,2,3,3,27,468,,0.0,0x18ef,0x4021,
B,14,14,14001,consistent,2,2,3,3,27,468,,0.0,0x2231,0x4021,
B,14,14,14002,consistent,2,2,3,3,27,468,,0.0,0x341c,0x4021,
B,14,14,14003,consistent,2,2,3,3,27,468,,0.0,0x1d85,0x4021,
B,14,14,14004,consistent,4,2,3,3,27,466,,0.0,0x26eb,0x4021,
B,14,14,14005,consistent,2,2,3,3,27,468,,0.0,0x894,0x4021,
B,14,14,14006,consistent,2,2,3,3,27,468,,0.0,0x2380,0x4021,
B,14,14,14007,consistent,2,2,3,3,27,468,,0.0,0x359a,0x4021,
B,14,14,14008,consistent,2,2,3,3,27,468,,0.0,0xe6f,0x4021,
B,14,14,14009,consistent,2,2,3,3,27,468,,0.0,0xd5e,0x4021,
B,14,14,14010,consistent,2,2,3,3,27,468,,0.0,0x779,0x4021,
B,14,14,14011,consistent,4,2,3,3,27,466,,0.0,0x39f6,0x4021,
B,14,14,14012,consistent,6,2,3,3,27,464,,0.0,0x3525,0x4021,
B,14,14,14013,consistent,4,2,3,3,27,466,,0.0,0x1964,0x4021,
B,14,14,14014,consistent,4,2,3,3,27,466,,0.0,0x1f18,0x4021,
B,14,14,14015,consistent,2,2,3,3,27,468,,0.0,0x1630,0x4021,
B,14,14,14016,consistent,2,2,3,3,27,468,,0.0,0x2cfa,0x4021,
B,14,14,14017,consistent,4,2,3,3,27,466,,0.0,0x3880,0x4021,
B,14,14,14018,consistent,4,2,3,3,27,466,,0.0,0x976,0x4021,
B,14,14,14019,consistent,4,2,3,3,27,466,,0.0,0x31d6,0x4021,
B,14,14,14020,consistent,6,2,3,3,27,464,,0.0,0x349c,0x4021,
B,14,14,14021,consistent,2,2,3,3,27,468,,0.0,0xbe9,0x4021,
B,14,14,14022,consistent,2,2,3,3,27,468,,0.0,0x27fd,0x4021,
B,14,14,14023,consistent,2,2,3,3,27,468,,0.0,0x6a0,0x4021,
B,14,14,14024,consistent,2,2,3,3,27,468,,0.0,0xe06,0x4021,
B,14,14,14025,consistent,2,2,3,3,27,468,,0.0,0x219e,0x4021,
B,14,14,14026,consistent,2,2,3,3,27,468,,0.0,0x2c1b,0x4021,
B,14,14,14027,consistent,2,2,3,3,27,468,,0.0,0x3258,0x4021,
B,14,14,14028,consistent,2,2,3,3,27,468,,0.0,0x3973,0x4021,
B,14,14,14029,consistent,4,2,3,3,27,466,,0.0,0x1b03,0x4021,
B,16,16,16000,consistent,2,2,3,3,31,695,,0.1,0x318e,0x1002b,
B,16,16,16001,consistent,4,2,3,3,31,693,,0.1,0x2e85,0x1002b,
B,16,16,16002,consistent,2,2,3,3,31,695,,0.1,0xe48d,0x1002b,
B,16,16,16003,consistent,2,2,3,3,31,695,,0.1,0xc721,0x1002b,
B,16,16,16004,consistent,2,2,3,3,31,695,,0.1,0x3841,0x1002b,
B,16,16,16005,consistent,2,2,3,3,31,695,,0.1,0x4fa7,0x1002b,
B,16,16,16006,consistent,2,2,3,3,31,695,,0.1,0x6507,0x1002b,
B,16,16,16007,consistent,2,2,3,3,31,695,,0.1,0x1b9c,0x1002b,
B,16,16,16008,consistent,4,2,3,3,31,693,,0.1,0xde27,0x1002b,
B,16,16,16009,consistent,6,2,3,3,31,691,,0.1,0x3a51,0x1002b,
B,16,16,16010,consistent,2,2,3,3,31,695,,0.1,0xe0e4,0x1002b,
B,16,16,16011,consistent,2,2,3,3,31,695,,0.1,0x788f,0x1002b,
B,16,16,16012,consistent,2,2,3,3,31,695,,0.1,0x8ac5,0x1002b,
B,16,16,16013,consistent,2,2,3,3,31,695,,0.1,0xdfd9,0x1002b,
B,16,16,16014,consistent,2,2,3,3,31,695,,0.1,0xc487,0x1002b,
B,16,16,16015,consistent,4,2,3,3,31,693,,0.1,0xe50b,0x1002b,
B,16,16,16016,consistent,2,2,3,3,31,695,,0.1,0xbf0e,0x1002b,
B,16,16,16017,consistent,2,2,3,3,31,695,,0.1,0x228e,0x1002b,
B,16,16,16018,consistent,2,2,3,3,31,695,,0.1,0xf3db,0x1002b,
B,16,16,16019,consistent,2,2,3,3,31,695,,0.1,0x78d2,0x1002b,
B,16,16,16020,consistent,2,2,3,3,31,695,,0.1,0x283c,0x1002b,
B,16,16,16021,consistent,2,2,3,3,31,695,,0.1,0xd29,0x1002b,
B,16,16,16022,consistent,2,2,3,3,31,695,,0.1,0xc6b1,0x1002b,
B,16,16,16023,consistent,2,2,3,3,31,695,,0.1,0x1963,0x1002b,
B,16,16,16024,consistent,2,2,3,3,31,695,,0.1,0xf18c,0x1002b,
B,16,16,16025,consistent,4,2,3,3,31,693,,0.1,0x32cc,0x1002b,
B,16,16,16026,consistent,2,2,3,3,31,695,,0.1,0x4913,0x1002b,
B,16,16,16027,consistent,2,2,3,3,31,695,,0.1,0x34ae,0x1002b,
B,16,16,16028,consistent,2,2,3,3,31,695,,0.1,0xd778,0x1002b,
B,16,16,16029,consistent,2,2,3,3,31,695,,0.1,0xc342,0x1002b,
B,18,18,18000,consistent,4,2,4,4,35,783,4044,2.1,0x5c1f,0x40009,
B,18,18,18001,consistent,4,2,4,4,35,783,4044,2.0,0x39fa3,0x40009,
B,18,18,18002,consistent,2,2,4,4,35,783,4046,2.0,0x7fd0,0x40009,
B,18,18,18003,consistent,2,2,4,4,35,783,4046,2.0,0x1bac6,0x40009,
B,18,18,18004,consistent,2,2,4,4,35,783,4046,2.0,0x1448f,0x40009,
B,18,18,18005,consistent,4,2,4,4,35,783,4044,2.0,0x2dc09,0x40009,
B,18,18,18006,consistent,2,2,4,4,35,783,4046,2.2,0xbc78,0x40009,
B,18,18,18007,consistent,2,2,4,4,35,783,4046,2.1,0x33314,0x40009,
B,18,18,18008,consistent,4,2,4,4,35,783,4044,2.0,0x35ee2,0x40009,
B,18,18,18009,consistent,4,2,4,4,35,783,4044,2.2,0x1d121,0x40009,
B,18,18,18010,consistent,2,2,4,4,35,783,4046,2.1,0xd9bd,0x40009,
B,18,18,18011,consistent,2,2,4,4,35,783,4046,2.1,0x389ca,0x40009,
B,18,18,18012,consistent,4,2,4,4,35,783,4044,2.1,0x37a07,0x40009,
B,18,18,18013,consistent,4,2,4,4,35,783,4044,2.1,0x33d0e,0x40009,
B,18,18,18014,consistent,4,2,4,4,35,783,4044,2.1,0x3db69,0x40009,
B,18,18,18015,consistent,4,2,4,4,35,783,4044,2.2,0xdf6a,0x40009,
B,18,18,18016,consistent,2,2,4,4,35,783,4046,2.1,0x83e4,0x40009,
B,18,18,18017,consistent,2,2,4,4,35,783,4046,2.1,0x3512b,0x40009,
B,18,18,18018,consistent,4,2,4,4,35,783,4044,2.1,0x1a01,0x40009,
B,18,18,18019,consistent,4,2,4,4,35,783,4044,2.1,0x32ec9,0x40009,
B,18,18,18020,consistent,4,2,4,4,35,783,4044,2.1,0x3d192,0x40009,
B,18,18,18021,consistent,6,2,4,4,35,783,4042,2.2,0x305a3,0x40009,
B,18,18,18022,consistent,2,2,4,4,35,783,4046,2.1,0x251e7,0x40009,
B,18,18,18023,consistent,2,2,4,4,35,783,4046,2.0,0x19e60,0x40009,
B,18,18,18024,consistent,4,2,4,4,35,783,4044,2.1,0x2ee03,0x40009,
B,18,18,18025,consistent,4,2,4,4,35,783,4044,2.2,0x2c67f,0x40009,
B,18,18,18026,consistent,2,2,4,4,35,783,4046,2.1,0x7bcd,0x40009,
B,18,18,18027,consistent,2,2,4,4,35,783,4046,2.0,0x1cd72,0x40009,
B,18,18,18028,consistent,2,2,4,4,35,783,4046,2.1,0x4e96,0x40009,
B,18,18,18029,consistent,2,2,4,4,35,783,4046,2.2,0x1964b,0x40009,
B,20,20,20000,consistent,2,2,4,4,39,970,6194,5.4,0xbcfa8,0x100009,
B,20,20,20001,consistent,4,2,4,4,39,970,6192,5.4,0xa7de4,0x100009,
B,20,20,20002,consistent,8,2,4,4,39,970,6188,5.1,0xee7ab,0x100009,
B,20,20,20003,consistent,2,2,4,4,39,970,6194,5.1,0x3747c,0x100009,
B,20,20,20004,consistent,2,2,4,4,39,970,6194,5.2,0xd893,0x100009,
B,20,20,20005,consistent,4,2,4,4,39,970,6192,5.3,0xb0773,0x100009,
B,20,20,20006,consistent,2,2,4,4,39,970,6194,5.3,0x411,0x100009,
B,20,20,20007,consistent,6,2,4,4,39,970,6190,5.2,0x15b1c,0x100009,
B,20,20,20008,consistent,4,2,4,4,39,970,6192,4.9,0xa4a0a,0x100009,
B,20,20,20009,consistent,2,2,4,4,39,970,6194,5.3,0x58905,0x100009,
B,20,20,20010,consistent,4,2,4,4,39,970,6192,5.1,0x28f0c,0x100009,
B,20,20,20011,consistent,6,2,4,4,39,970,6190,5.2,0x26ed5,0x100009,
B,20,20,20012,consistent,2,2,4,4,39,970,6194,5.5,0xb4587,0x100009,
B,20,20,20013,consistent,2,2,4,4,39,970,6194,5.1,0x3fc22,0x100009,
B,20,20,20014,consistent,6,2,4,4,39,970,6190,5.2,0xc75b5,0x100009,
B,20,20,20015,consistent,4,2,4,4,39,970,6192,4.9,0x19d3b,0x100009,
B,20,20,20016,consistent,8,2,4,4,39,970,6188,5.1,0x88cf7,0x100009,
B,20,20,20017,consistent,2,2,4,4,39,970,6194,5.4,0x9489,0x100009,
B,20,20,20018,consistent,2,2,4,4,39,970,6194,5.0,0xfd2fe,0x100009,
B,20,20,20019,consistent,2,2,4,4,39,970,6194,5.4,0x1b9a3,0x100009,
B,20,20,20020,consistent,2,2,4,4,39,970,6194,5.3,0xee879,0x100009,
B,20,20,20021,consistent,4,2,4,4,39,970,6192,5.2,0xb5a46,0x100009,
B,20,20,20022,consistent,2,2,4,4,39,970,6194,5.3,0xe6523,0x100009,
B,20,20,20023,consistent,2,2,4,4,39,970,6194,8.1,0x92995,0x100009,
B,20,20,20024,consistent,2,2,4,4,39,970,6194,5.2,0x24d02,0x100009,
B,20,20,20025,consistent,4,2,4,4,39,970,6192,5.2,0x4e327,0x100009,
B,20,20,20026,consistent,4,2,4,4,39,970,6192,5.5,0x1e528,0x100009,
B,20,20,20027,consistent,4,2,4,4,39,970,6192,5.3,0x21045,0x100009,
B,20,20,20028,consistent,2,2,4,4,39,970,6194,5.3,0xa2be2,0x100009,
B,20,20,20029,consistent,2,2,4,4,39,970,6194,5.1,0x560d6,0x100009,
C,12,12,12500,randomQ,8,2,3,3,23,291,,0.0,0xeb4,0x1009,
C,12,12,12501,randomQ,0,2,3,3,23,299,,0.0,0x856,0x1009,
C,12,12,12502,randomQ,4,2,3,3,23,295,,0.0,0xb6b,0x1009,
C,12,12,12503,randomQ,0,2,3,3,23,299,,0.0,0xa07,0x1009,
C,12,12,12504,randomQ,2,2,3,3,23,297,,0.0,0xf2a,0x1009,
C,12,12,12505,randomQ,2,2,3,3,23,297,,0.0,0xae5,0x1009,
C,12,12,12506,randomQ,2,2,3,3,23,297,,0.0,0xec8,0x1009,
C,12,12,12507,randomQ,0,2,3,3,23,299,,0.0,0x93d,0x1009,
C,12,12,12508,randomQ,4,2,3,3,23,295,,0.0,0x77e,0x1009,
C,12,12,12509,randomQ,0,2,3,3,23,299,,0.0,0x43,0x1009,
C,12,12,12510,randomQ,0,2,3,3,23,299,,0.0,0x80d,0x1009,
C,12,12,12511,randomQ,0,2,3,3,23,299,,0.0,0xa20,0x1009,
C,12,12,12512,randomQ,2,2,3,3,23,297,,0.0,0x6f5,0x1009,
C,12,12,12513,randomQ,2,2,3,3,23,297,,0.0,0xe0d,0x1009,
C,12,12,12514,randomQ,0,2,3,3,23,299,,0.0,0xf59,0x1009,
C,12,12,12515,randomQ,0,2,3,3,23,299,,0.0,0xfe2,0x1009,
C,12,12,12516,randomQ,0,2,3,3,23,299,,0.0,0xdd3,0x1009,
C,12,12,12517,randomQ,0,2,3,3,23,299,,0.0,0x76e,0x1009,
C,12,12,12518,randomQ,0,2,3,3,23,299,,0.0,0x28b,0x1009,
C,12,12,12519,randomQ,0,2,3,3,23,299,,0.0,0xa2,0x1009,
C,12,12,12520,randomQ,0,2,3,3,23,299,,0.0,0xa8f,0x1009,
C,12,12,12521,randomQ,4,2,3,3,23,295,,0.0,0xe01,0x1009,
C,12,12,12522,randomQ,2,2,3,3,23,297,,0.0,0x16,0x1009,
C,12,12,12523,randomQ,2,2,3,3,23,297,,0.0,0xa3d,0x1009,
C,12,12,12524,randomQ,2,2,3,3,23,297,,0.0,0x5c4,0x1009,
C,12,12,12525,randomQ,4,2,3,3,23,295,,0.0,0xe70,0x1009,
C,12,12,12526,randomQ,2,2,3,3,23,297,,0.0,0x3f9,0x1009,
C,12,12,12527,randomQ,0,2,3,3,23,299,,0.0,0xbb,0x1009,
C,12,12,12528,randomQ,0,2,3,3,23,299,,0.0,0x588,0x1009,
C,12,12,12529,randomQ,0,2,3,3,23,299,,0.0,0x88c,0x1009,
C,14,14,14500,randomQ,0,2,3,3,27,470,,0.0,0x7c6,0x4021,
C,14,14,14501,randomQ,0,2,3,3,27,470,,0.0,0x3af4,0x4021,
C,14,14,14502,randomQ,0,2,3,3,27,470,,0.0,0xb77,0x4021,
C,14,14,14503,randomQ,2,2,3,3,27,468,,0.0,0x3d4d,0x4021,
C,14,14,14504,randomQ,2,2,3,3,27,468,,0.0,0x2b72,0x4021,
C,14,14,14505,randomQ,0,2,3,3,27,470,,0.0,0x216,0x4021,
C,14,14,14506,randomQ,2,2,3,3,27,468,,0.0,0x37af,0x4021,
C,14,14,14507,randomQ,0,2,3,3,27,470,,0.0,0x352c,0x4021,
C,14,14,14508,randomQ,4,2,3,3,27,466,,0.0,0x40d,0x4021,
C,14,14,14509,randomQ,0,2,3,3,27,470,,0.0,0x1bdb,0x4021,
C,14,14,14510,randomQ,0,2,3,3,27,470,,0.0,0x75c,0x4021,
C,14,14,14511,randomQ,0,2,3,3,27,470,,0.0,0x19aa,0x4021,
C,14,14,14512,randomQ,2,2,3,3,27,468,,0.0,0x3053,0x4021,
C,14,14,14513,randomQ,0,2,3,3,27,470,,0.0,0x3719,0x4021,
C,14,14,14514,randomQ,2,2,3,3,27,468,,0.0,0x3537,0x4021,
C,14,14,14515,randomQ,2,2,3,3,27,468,,0.0,0x3430,0x4021,
C,14,14,14516,randomQ,2,2,3,3,27,468,,0.0,0xa58,0x4021,
C,14,14,14517,randomQ,4,2,3,3,27,466,,0.0,0x31ee,0x4021,
C,14,14,14518,randomQ,0,2,3,3,27,470,,0.0,0x17e8,0x4021,
C,14,14,14519,randomQ,0,2,3,3,27,470,,0.0,0xc63,0x4021,
C,14,14,14520,randomQ,2,2,3,3,27,468,,0.0,0x85f,0x4021,
C,14,14,14521,randomQ,0,2,3,3,27,470,,0.0,0xeb9,0x4021,
C,14,14,14522,randomQ,2,2,3,3,27,468,,0.0,0x397c,0x4021,
C,14,14,14523,randomQ,2,2,3,3,27,468,,0.0,0x26fd,0x4021,
C,14,14,14524,randomQ,0,2,3,3,27,470,,0.0,0x2394,0x4021,
C,14,14,14525,randomQ,0,2,3,3,27,470,,0.0,0xee7,0x4021,
C,14,14,14526,randomQ,0,2,3,3,27,470,,0.0,0x1f7e,0x4021,
C,14,14,14527,randomQ,2,2,3,3,27,468,,0.0,0x38f7,0x4021,
C,14,14,14528,randomQ,4,2,3,3,27,466,,0.0,0x170e,0x4021,
C,14,14,14529,randomQ,2,2,3,3,27,468,,0.0,0x3458,0x4021,
C,16,16,16500,randomQ,0,2,3,3,31,697,,0.1,0xf206,0x1002b,
C,16,16,16501,randomQ,0,2,3,3,31,697,,0.1,0x50a9,0x1002b,
C,16,16,16502,randomQ,2,2,3,3,31,695,,0.1,0xe68f,0x1002b,
C,16,16,16503,randomQ,2,2,3,3,31,695,,0.1,0xb58,0x1002b,
C,16,16,16504,randomQ,0,2,3,3,31,697,,0.1,0x9feb,0x1002b,
C,16,16,16505,randomQ,0,2,3,3,31,697,,0.1,0x6f74,0x1002b,
C,16,16,16506,randomQ,0,2,3,3,31,697,,0.1,0x7aad,0x1002b,
C,16,16,16507,randomQ,0,2,3,3,31,697,,0.1,0x9537,0x1002b,
C,16,16,16508,randomQ,0,2,3,3,31,697,,0.1,0x6237,0x1002b,
C,16,16,16509,randomQ,2,2,3,3,31,695,,0.1,0x75da,0x1002b,
C,16,16,16510,randomQ,0,2,3,3,31,697,,0.1,0x97dc,0x1002b,
C,16,16,16511,randomQ,4,2,3,3,31,693,,0.1,0xf4c2,0x1002b,
C,16,16,16512,randomQ,0,2,3,3,31,697,,0.1,0xea90,0x1002b,
C,16,16,16513,randomQ,0,2,3,3,31,697,,0.1,0xfd80,0x1002b,
C,16,16,16514,randomQ,0,2,3,3,31,697,,0.1,0x80a8,0x1002b,
C,16,16,16515,randomQ,4,2,3,3,31,693,,0.1,0x1786,0x1002b,
C,16,16,16516,randomQ,0,2,3,3,31,697,,0.1,0x1b0d,0x1002b,
C,16,16,16517,randomQ,0,2,3,3,31,697,,0.1,0x2ffd,0x1002b,
C,16,16,16518,randomQ,0,2,3,3,31,697,,0.1,0xb4be,0x1002b,
C,16,16,16519,randomQ,0,2,3,3,31,697,,0.1,0xd1ea,0x1002b,
C,16,16,16520,randomQ,0,2,3,3,31,697,,0.1,0x9d82,0x1002b,
C,16,16,16521,randomQ,0,2,3,3,31,697,,0.1,0x492,0x1002b,
C,16,16,16522,randomQ,2,2,3,3,31,695,,0.1,0xf529,0x1002b,
C,16,16,16523,randomQ,2,2,3,3,31,695,,0.1,0x9ee2,0x1002b,
C,16,16,16524,randomQ,0,2,3,3,31,697,,0.1,0x8b87,0x1002b,
C,16,16,16525,randomQ,0,2,3,3,31,697,,0.1,0x7cfa,0x1002b,
C,16,16,16526,randomQ,2,2,3,3,31,695,,0.1,0xad2e,0x1002b,
C,16,16,16527,randomQ,0,2,3,3,31,697,,0.1,0x5948,0x1002b,
C,16,16,16528,randomQ,2,2,3,3,31,695,,0.1,0xae6a,0x1002b,
C,16,16,16529,randomQ,0,2,3,3,31,697,,0.1,0xf52c,0x1002b,
C,18,18,18500,randomQ,2,2,4,4,35,783,4046,2.1,0x2da1e,0x40009,
C,18,18,18501,randomQ,4,2,4,4,35,783,4044,2.0,0x21e21,0x40009,
C,18,18,18502,randomQ,0,2,4,4,35,783,4048,2.0,0x24495,0x40009,
C,18,18,18503,randomQ,0,2,4,4,35,783,4048,2.0,0x29f05,0x40009,
C,18,18,18504,randomQ,0,2,4,4,35,783,4048,2.0,0x25438,0x40009,
C,18,18,18505,randomQ,2,2,4,4,35,783,4046,2.1,0x271c3,0x40009,
C,18,18,18506,randomQ,0,2,4,4,35,783,4048,2.1,0x7a0a,0x40009,
C,18,18,18507,randomQ,2,2,4,4,35,783,4046,2.0,0x279f4,0x40009,
C,18,18,18508,randomQ,0,2,4,4,35,783,4048,2.1,0x35692,0x40009,
C,18,18,18509,randomQ,0,2,4,4,35,783,4048,2.2,0xbb69,0x40009,
C,18,18,18510,randomQ,2,2,4,4,35,783,4046,2.1,0x21e62,0x40009,
C,18,18,18511,randomQ,0,2,4,4,35,783,4048,2.2,0x37e96,0x40009,
C,18,18,18512,randomQ,0,2,4,4,35,783,4048,2.2,0x293a7,0x40009,
C,18,18,18513,randomQ,2,2,4,4,35,783,4046,2.1,0x227cf,0x40009,
C,18,18,18514,randomQ,0,2,4,4,35,783,4048,2.1,0x5226,0x40009,
C,18,18,18515,randomQ,0,2,4,4,35,783,4048,2.1,0x3e48d,0x40009,
C,18,18,18516,randomQ,2,2,4,4,35,783,4046,2.1,0x29c32,0x40009,
C,18,18,18517,randomQ,0,2,4,4,35,783,4048,2.0,0x35174,0x40009,
C,18,18,18518,randomQ,0,2,4,4,35,783,4048,2.1,0x15395,0x40009,
C,18,18,18519,randomQ,2,2,4,4,35,783,4046,2.2,0x2ef6f,0x40009,
C,18,18,18520,randomQ,0,2,4,4,35,783,4048,2.0,0x29f25,0x40009,
C,18,18,18521,randomQ,0,2,4,4,35,783,4048,2.2,0x31185,0x40009,
C,18,18,18522,randomQ,0,2,4,4,35,783,4048,2.3,0x3f969,0x40009,
C,18,18,18523,randomQ,0,2,4,4,35,783,4048,2.1,0x16efa,0x40009,
C,18,18,18524,randomQ,2,2,4,4,35,783,4046,2.1,0xfdd2,0x40009,
C,18,18,18525,randomQ,4,2,4,4,35,783,4044,2.0,0x2e27,0x40009,
C,18,18,18526,randomQ,0,2,4,4,35,783,4048,2.1,0x37e13,0x40009,
C,18,18,18527,randomQ,0,2,4,4,35,783,4048,2.0,0x3f502,0x40009,
C,18,18,18528,randomQ,0,2,4,4,35,783,4048,2.1,0xc8ba,0x40009,
C,18,18,18529,randomQ,0,2,4,4,35,783,4048,2.2,0x118e,0x40009,
C,20,20,20500,randomQ,0,2,4,4,39,970,6196,5.6,0x6b4be,0x100009,
C,20,20,20501,randomQ,0,2,4,4,39,970,6196,5.0,0x7e34c,0x100009,
C,20,20,20502,randomQ,0,2,4,4,39,970,6196,5.2,0x9887f,0x100009,
C,20,20,20503,randomQ,0,2,4,4,39,970,6196,5.1,0xfa3e1,0x100009,
C,20,20,20504,randomQ,0,2,4,4,39,970,6196,5.2,0xb5110,0x100009,
C,20,20,20505,randomQ,0,2,4,4,39,970,6196,5.2,0xdc7b2,0x100009,
C,20,20,20506,randomQ,2,2,4,4,39,970,6194,5.2,0x80252,0x100009,
C,20,20,20507,randomQ,2,2,4,4,39,970,6194,5.2,0xd5b21,0x100009,
C,20,20,20508,randomQ,0,2,4,4,39,970,6196,5.1,0x28d71,0x100009,
C,20,20,20509,randomQ,0,2,4,4,39,970,6196,5.2,0x35ad5,0x100009,
C,20,20,20510,randomQ,0,2,4,4,39,970,6196,5.1,0x5432a,0x100009,
C,20,20,20511,randomQ,0,2,4,4,39,970,6196,5.2,0xdd76f,0x100009,
C,20,20,20512,randomQ,2,2,4,4,39,970,6194,5.3,0xc462f,0x100009,
C,20,20,20513,randomQ,0,2,4,4,39,970,6196,5.4,0x87bd6,0x100009,
C,20,20,20514,randomQ,0,2,4,4,39,970,6196,5.2,0x615a9,0x100009,
C,20,20,20515,randomQ,0,2,4,4,39,970,6196,5.1,0x9e6f,0x100009,
C,20,20,20516,randomQ,2,2,4,4,39,970,6194,5.6,0x8783d,0x100009,
C,20,20,20517,randomQ,0,2,4,4,39,970,6196,5.3,0x35222,0x100009,
C,20,20,20518,randomQ,0,2,4,4,39,970,6196,5.4,0x6d8da,0x100009,
C,20,20,20519,randomQ,0,2,4,4,39,970,6196,5.0,0xe8b8f,0x100009,
C,20,20,20520,randomQ,0,2,4,4,39,970,6196,5.4,0x28287,0x100009,
C,20,20,20521,randomQ,6,2,4,4,39,970,6190,5.1,0x590f5,0x100009,
C,20,20,20522,randomQ,4,2,4,4,39,970,6192,5.3,0x7bda0,0x100009,
C,20,20,20523,randomQ,0,2,4,4,39,970,6196,4.9,0xdfa63,0x100009,
C,20,20,20524,randomQ,2,2,4,4,39,970,6194,5.2,0x74024,0x100009,
C,20,20,20525,randomQ,4,2,4,4,39,970,6192,5.2,0xb0ab4,0x100009,
C,20,20,20526,randomQ,0,2,4,4,39,970,6196,5.3,0x8b005,0x100009,
C,20,20,20527,randomQ,2,2,4,4,39,970,6194,5.2,0x7cd71,0x100009,
C,20,20,20528,randomQ,0,2,4,4,39,970,6196,5.3,0x204bf,0x100009,
C,20,20,20529,randomQ,0,2,4,4,39,970,6196,5.1,0x58cc5,0x100009,
D_sameCV,16,16,91600,consistent,2,2,3,3,31,695,,0.1,0xb4e3,0x1002b,
D_sameCV,16,16,91601,consistent,2,2,3,3,31,695,,0.1,0xb4e3,0x1002b,
D_sameCV,16,16,91602,consistent,2,2,3,3,31,695,,0.1,0xb4e3,0x1002b,
D_sameCV,16,16,91603,consistent,4,2,3,3,31,693,,0.1,0xb4e3,0x1002b,
D_sameCV,16,16,91604,consistent,2,2,3,3,31,695,,0.1,0xb4e3,0x1002b,
D_sameCV,16,16,91605,consistent,4,2,3,3,31,693,,0.1,0xb4e3,0x1002b,
D_sameCV,16,16,91606,consistent,6,2,3,3,31,691,,0.1,0xb4e3,0x1002b,
D_sameCV,16,16,91607,consistent,2,2,3,3,31,695,,0.1,0xb4e3,0x1002b,
D_sameCV,16,16,91608,consistent,4,2,3,3,31,693,,0.1,0xb4e3,0x1002b,
D_sameCV,16,16,91609,consistent,2,2,3,3,31,695,,0.1,0xb4e3,0x1002b,
D_sameC,16,16,96600,consistent,2,2,3,3,31,695,,0.1,0xb4e3,0x1002b,
D_sameC,16,16,96601,consistent,2,2,3,3,31,695,,0.1,0xb4e3,0x1002b,
D_sameC,16,16,96602,consistent,2,2,3,3,31,695,,0.1,0xb4e3,0x1002b,
D_sameC,16,16,96603,consistent,4,2,3,3,31,693,,0.1,0xb4e3,0x1002b,
D_sameC,16,16,96604,consistent,2,2,3,3,31,695,,0.1,0xb4e3,0x1002b,
D_sameC,16,16,96605,consistent,4,2,3,3,31,693,,0.1,0xb4e3,0x1002b,
D_sameC,16,16,96606,consistent,2,2,3,3,31,695,,0.1,0xb4e3,0x1002b,
D_sameC,16,16,96607,consistent,2,2,3,3,31,695,,0.1,0xb4e3,0x1002b,
D_sameC,16,16,96608,consistent,4,2,3,3,31,693,,0.1,0xb4e3,0x1002b,
D_sameC,16,16,96609,consistent,4,2,3,3,31,693,,0.1,0xb4e3,0x1002b,
D_sameCV,18,18,91800,consistent,2,2,4,4,35,783,4046,2.1,0x3f3a8,0x40009,
D_sameCV,18,18,91801,consistent,2,2,4,4,35,783,4046,2.0,0x3f3a8,0x40009,
D_sameCV,18,18,91802,consistent,6,2,4,4,35,783,4042,2.0,0x3f3a8,0x40009,
D_sameCV,18,18,91803,consistent,4,2,4,4,35,783,4044,2.1,0x3f3a8,0x40009,
D_sameCV,18,18,91804,consistent,4,2,4,4,35,783,4044,2.1,0x3f3a8,0x40009,
D_sameCV,18,18,91805,consistent,4,2,4,4,35,783,4044,2.1,0x3f3a8,0x40009,
D_sameCV,18,18,91806,consistent,4,2,4,4,35,783,4044,2.1,0x3f3a8,0x40009,
D_sameCV,18,18,91807,consistent,4,2,4,4,35,783,4044,2.0,0x3f3a8,0x40009,
D_sameCV,18,18,91808,consistent,4,2,4,4,35,783,4044,2.1,0x3f3a8,0x40009,
D_sameCV,18,18,91809,consistent,6,2,4,4,35,783,4042,2.1,0x3f3a8,0x40009,
D_sameC,18,18,96800,consistent,2,2,4,4,35,783,4046,2.1,0x3f3a8,0x40009,
D_sameC,18,18,96801,consistent,2,2,4,4,35,783,4046,2.1,0x3f3a8,0x40009,
D_sameC,18,18,96802,consistent,2,2,4,4,35,783,4046,2.1,0x3f3a8,0x40009,
D_sameC,18,18,96803,consistent,2,2,4,4,35,783,4046,2.2,0x3f3a8,0x40009,
D_sameC,18,18,96804,consistent,2,2,4,4,35,783,4046,2.2,0x3f3a8,0x40009,
D_sameC,18,18,96805,consistent,4,2,4,4,35,783,4044,2.2,0x3f3a8,0x40009,
D_sameC,18,18,96806,consistent,2,2,4,4,35,783,4046,2.1,0x3f3a8,0x40009,
D_sameC,18,18,96807,consistent,4,2,4,4,35,783,4044,2.2,0x3f3a8,0x40009,
D_sameC,18,18,96808,consistent,2,2,4,4,35,783,4046,2.2,0x3f3a8,0x40009,
D_sameC,18,18,96809,consistent,2,2,4,4,35,783,4046,2.2,0x3f3a8,0x40009,
E,22,22,22000,consistent,2,2,4,4,43,1177,9107,12.2,0x22d1e,0x400003,
E,22,22,22500,randomQ,2,2,4,4,43,1177,9107,12.4,0x24fe5f,0x400003,
E,22,22,22001,consistent,2,2,4,4,43,1177,9107,12.2,0x345a73,0x400003,
E,22,22,22501,randomQ,0,2,4,4,43,1177,9109,12.1,0x3a0192,0x400003,
E,22,22,22002,consistent,6,2,4,4,43,1177,9103,11.9,0x1460c7,0x400003,
E,22,22,22502,randomQ,0,2,4,4,43,1177,9109,12.2,0x2045d8,0x400003,
E,22,22,22003,consistent,4,2,4,4,43,1177,9105,12.0,0x1f62d2,0x400003,
E,22,22,22503,randomQ,0,2,4,4,43,1177,9109,12.1,0x2e6128,0x400003,
E,22,22,22004,consistent,4,2,4,4,43,1177,9105,11.7,0x28673e,0x400003,
E,22,22,22504,randomQ,2,2,4,4,43,1177,9107,12.5,0x329645,0x400003,
E,22,22,22005,consistent,2,2,4,4,43,1177,9107,12.2,0x1b1890,0x400003,
E,22,22,22505,randomQ,0,2,4,4,43,1177,9109,12.4,0x2fa7df,0x400003,
E,22,22,22006,consistent,4,2,4,4,43,1177,9105,12.3,0xb11aa,0x400003,
E,22,22,22506,randomQ,2,2,4,4,43,1177,9107,12.1,0x1eb688,0x400003,
E,22,22,22007,consistent,4,2,4,4,43,1177,9105,12.3,0x13011c,0x400003,
E,22,22,22507,randomQ,0,2,4,4,43,1177,9109,11.8,0x3155d8,0x400003,
E,22,22,22008,consistent,4,2,4,4,43,1177,9105,12.2,0x3fb4d0,0x400003,
E,22,22,22508,randomQ,0,2,4,4,43,1177,9109,12.8,0x26a9ad,0x400003,
E,22,22,22009,consistent,2,2,4,4,43,1177,9107,12.0,0x22712,0x400003,
E,22,22,22509,randomQ,0,2,4,4,43,1177,9109,12.0,0x241df0,0x400003,
E,24,24,24000,consistent,2,2,4,4,47,1404,12949,28.2,0xc6e2e5,0x100001b,
E,24,24,24500,randomQ,0,2,4,4,47,1404,12951,27.8,0x4cd8fa,0x100001b,
E,24,24,24001,consistent,4,2,4,4,47,1404,12947,27.0,0xea2d90,0x100001b,
E,24,24,24501,randomQ,0,2,4,4,47,1404,12951,29.2,0x7b3ba9,0x100001b,
E,24,24,24002,consistent,4,2,4,4,47,1404,12947,29.3,0xc07b49,0x100001b,
E,24,24,24502,randomQ,2,2,4,4,47,1404,12949,27.0,0x6a3386,0x100001b,
E,24,24,24003,consistent,2,2,4,4,47,1404,12949,29.9,0x7ed11d,0x100001b,
E,24,24,24503,randomQ,4,2,4,4,47,1404,12947,28.2,0x39d9c7,0x100001b,
